epoch,train_loss,train_accuracy,val_loss,val_accuracy
1,0.12961265969493171,0.9621636363636363,0.15497968046665192,0.9574
2,0.07520334598476236,0.9777272727272728,0.11446186517477036,0.964
3,0.049367719326777894,0.9855272727272727,0.09218518784046173,0.9742
4,0.032949976069547915,0.9902,0.08949914569854736,0.9722
5,0.03942960909686305,0.9865454545454545,0.10098559882640838,0.9726
6,0.021976397021792153,0.9931272727272727,0.09708845664262772,0.974
7,0.0210791053308682,0.9926181818181818,0.09299831632375717,0.9732
8,0.015163958329504186,0.9956909090909091,0.09125983893871308,0.9768
9,0.018794563896818595,0.9932545454545455,0.10505201301574707,0.973
10,0.008206164476817305,0.9974545454545455,0.09086312801837922,0.9762
11,0.005961110753024166,0.9985090909090909,0.08922984834909439,0.9776
12,0.007610535916686058,0.9975818181818182,0.10187633957862854,0.9778
13,0.0051946101292967796,0.9985090909090909,0.1064169893503189,0.9764
14,0.005420341491631486,0.9983090909090909,0.10521076819896698,0.977
15,0.006147590809179978,0.9979090909090909,0.11288674799203872,0.9768
16,0.006748071063445373,0.9979272727272728,0.11068839893341065,0.9774
17,0.005352567305619066,0.9982363636363636,0.09646608335971832,0.9792
18,0.0030762049780650572,0.9990727272727272,0.1070379457116127,0.9778
19,0.011464257148585537,0.9963818181818181,0.12605679841041564,0.9762
20,0.009875333134152673,0.996890909090909,0.12914433960914612,0.9754
